{"cameraMode":{"drawMode":0,"name":"Shaded","section":"Shading Mode"},"sceneLighting":true,"audioPlay":false,"sceneViewState":{"m_AlwaysRefresh":false,"showFog":true,"showSkybox":true,"showFlares":true,"showImageEffects":true,"showParticleSystems":true,"showVisualEffectGraphs":true,"m_FxEnabled":true},"in2DMode":false,"pivot":{"x":-0.32000017166137698,"y":2.9300003051757814,"z":-7.940000534057617},"rotation":{"x":-0.23574726283550263,"y":0.04167285934090614,"z":-0.010118761099874974,"w":-0.9708713889122009},"size":12.12435531616211,"orthographic":false}